activity_id,wbs_element_id,project_id,project_code,activity_code,name,start_planned,finish_planned,start_actual,finish_actual,duration_days,owner_person_id,owner_name,department,status,pct_complete
ca7b985b-efc7-5898-b22d-51bde887c4d4,d99b21d6-cadd-525e-9298-d064d652db0d,2ee385b2-99f4-5b3a-b6f1-a4fd637f6485,THG-CLN-014,1.1-A1,Protocol development — plan & prepare,2026-01-05,2026-02-02,2026-01-08,2026-01-31,20,e74320fc-5dd9-5330-be78-086e0508b50a,Daniel Okafor,Clinical / Medical Affairs,Done,100
12830709-aa04-583d-9fde-842449f0b556,d99b21d6-cadd-525e-9298-d064d652db0d,2ee385b2-99f4-5b3a-b6f1-a4fd637f6485,THG-CLN-014,1.1-A2,Protocol development — execute & verify,2026-01-20,2026-03-03,2026-01-18,2026-02-28,30,e74320fc-5dd9-5330-be78-086e0508b50a,Daniel Okafor,Clinical / Medical Affairs,Done,100
3fdb1b96-95df-5cd2-85a7-15185a21efc8,43bf6774-fd93-558f-9d88-4d45e77f7675,2ee385b2-99f4-5b3a-b6f1-a4fd637f6485,THG-CLN-014,1.2-A1,IRB submissions — plan & prepare,2026-02-04,2026-02-25,2026-02-06,2026-02-25,15,4d7b84e1-3237-5236-b516-16e5f054a655,Maya Patel,Clinical / Medical Affairs,Done,100
36d867c6-cd9a-559f-a5f4-c892232bfaef,43bf6774-fd93-558f-9d88-4d45e77f7675,2ee385b2-99f4-5b3a-b6f1-a4fd637f6485,THG-CLN-014,1.2-A2,IRB submissions — execute & verify,2026-02-19,2026-04-02,2026-02-21,2026-04-03,30,2855d25e-e048-5080-bb0e-1196ce1352e1,Sofia Reyes,Clinical / Medical Affairs,Done,100
43a6f682-eca9-5e87-b949-f1f0f8ceb37a,040df67a-9dad-5e59-88f4-64734c9d005c,2ee385b2-99f4-5b3a-b6f1-a4fd637f6485,THG-CLN-014,2.1-A1,Site selection — plan & prepare,2026-03-04,2026-04-08,2026-03-03,2026-04-10,25,2855d25e-e048-5080-bb0e-1196ce1352e1,Sofia Reyes,Clinical / Medical Affairs,Done,100
b830e3db-6bad-53aa-a426-983c5183fb01,040df67a-9dad-5e59-88f4-64734c9d005c,2ee385b2-99f4-5b3a-b6f1-a4fd637f6485,THG-CLN-014,2.1-A2,Site selection — execute & verify,2026-03-15,2026-03-27,2026-03-15,2026-03-29,10,e74320fc-5dd9-5330-be78-086e0508b50a,Daniel Okafor,Clinical / Medical Affairs,Done,100
9f10f7c7-2636-5d50-a0fd-fca2aa129936,ec675497-9b6a-5efa-a2e6-963a843a36a3,2ee385b2-99f4-5b3a-b6f1-a4fd637f6485,THG-CLN-014,2.2-A1,Site contracts — plan & prepare,2026-03-26,2026-04-09,2026-03-24,2026-04-12,10,4d7b84e1-3237-5236-b516-16e5f054a655,Maya Patel,Clinical / Medical Affairs,Done,100
c8148885-f7fb-5d21-b2e3-3a3bdd6ea975,ec675497-9b6a-5efa-a2e6-963a843a36a3,2ee385b2-99f4-5b3a-b6f1-a4fd637f6485,THG-CLN-014,2.2-A2,Site contracts — execute & verify,2026-04-06,2026-04-20,2026-04-09,2026-04-26,10,4d7b84e1-3237-5236-b516-16e5f054a655,Maya Patel,Clinical / Medical Affairs,Done,100
b3ce16d1-9e5f-5c04-99a1-ed2f46d24714,7e340c75-ce1a-533d-aa27-2c2a89a3d943,2ee385b2-99f4-5b3a-b6f1-a4fd637f6485,THG-CLN-014,2.3-A1,Site training — plan & prepare,2026-04-18,2026-05-08,2026-04-21,2026-05-08,15,4d7b84e1-3237-5236-b516-16e5f054a655,Maya Patel,Clinical / Medical Affairs,Done,100
6eca51f9-280e-5e68-80b8-22eef60c1225,7e340c75-ce1a-533d-aa27-2c2a89a3d943,2ee385b2-99f4-5b3a-b6f1-a4fd637f6485,THG-CLN-014,2.3-A2,Site training — execute & verify,2026-04-29,2026-05-27,2026-05-02,,20,e74320fc-5dd9-5330-be78-086e0508b50a,Daniel Okafor,Clinical / Medical Affairs,At risk,60
f980fec9-c9ef-59b3-b148-2e8f73e710ac,f71985ff-d996-5d62-94ea-4c649e39a972,2ee385b2-99f4-5b3a-b6f1-a4fd637f6485,THG-CLN-014,3.1-A1,Patient recruitment — plan & prepare,2026-05-02,2026-05-29,2026-05-01,2026-05-30,20,e74320fc-5dd9-5330-be78-086e0508b50a,Daniel Okafor,Clinical / Medical Affairs,Done,100
503feba1-dd89-5622-8f4f-2469c34b72a3,f71985ff-d996-5d62-94ea-4c649e39a972,2ee385b2-99f4-5b3a-b6f1-a4fd637f6485,THG-CLN-014,3.1-A2,Patient recruitment — execute & verify,2026-05-13,2026-05-27,2026-05-15,2026-05-27,10,4d7b84e1-3237-5236-b516-16e5f054a655,Maya Patel,Clinical / Medical Affairs,Done,100
7f1c5173-ea3e-5681-bcf1-4645a98a8e6c,e9cce3f4-e293-54f7-9ef0-c1af47e7c2bd,2ee385b2-99f4-5b3a-b6f1-a4fd637f6485,THG-CLN-014,3.2-A1,Device deployment — plan & prepare,2026-05-24,2026-06-26,2026-05-28,,25,2855d25e-e048-5080-bb0e-1196ce1352e1,Sofia Reyes,Clinical / Medical Affairs,At risk,59
9031bcd9-f3ea-5ae0-81a9-288be313c0d2,e9cce3f4-e293-54f7-9ef0-c1af47e7c2bd,2ee385b2-99f4-5b3a-b6f1-a4fd637f6485,THG-CLN-014,3.2-A2,Device deployment — execute & verify,2026-06-04,2026-07-16,2026-06-03,,30,e74320fc-5dd9-5330-be78-086e0508b50a,Daniel Okafor,Clinical / Medical Affairs,In progress,25
6b644f3f-98ba-5b46-bfd7-dbce95bda0d5,63b24ea6-2286-5169-a863-d4ef6d32a273,2ee385b2-99f4-5b3a-b6f1-a4fd637f6485,THG-CLN-014,3.3-A1,Data monitoring — plan & prepare,2026-06-16,2026-07-14,,,20,2855d25e-e048-5080-bb0e-1196ce1352e1,Sofia Reyes,Clinical / Medical Affairs,Not started,0
56b4e3ba-be93-5860-92d4-f3f02a407ceb,63b24ea6-2286-5169-a863-d4ef6d32a273,2ee385b2-99f4-5b3a-b6f1-a4fd637f6485,THG-CLN-014,3.3-A2,Data monitoring — execute & verify,2026-06-27,2026-07-24,,,20,e74320fc-5dd9-5330-be78-086e0508b50a,Daniel Okafor,Clinical / Medical Affairs,Not started,0
e497ab65-e793-5dcd-b70b-d3b54c302339,f7cb8cb8-c246-5c74-9459-13b5c30fac52,2ee385b2-99f4-5b3a-b6f1-a4fd637f6485,THG-CLN-014,4.1-A1,Part 11 evidence — plan & prepare,2026-06-30,2026-07-28,,,20,16f1836e-598b-52bc-8d14-4814cbacee42,Anna Lindqvist,Regulatory / Quality,Not started,0
6108c278-1d0b-570e-b8c5-8c626bac4161,f7cb8cb8-c246-5c74-9459-13b5c30fac52,2ee385b2-99f4-5b3a-b6f1-a4fd637f6485,THG-CLN-014,4.1-A2,Part 11 evidence — execute & verify,2026-07-15,2026-08-19,,,25,6a0700d0-18fe-5f73-95b1-02d3edc6b753,Priya Nair,Regulatory / Quality,Not started,0
33b3c872-a6ec-52e8-99f4-2cff60c25a55,3f20e58d-8fce-5807-a4eb-2524303f6701,2ee385b2-99f4-5b3a-b6f1-a4fd637f6485,THG-CLN-014,4.2-A1,Safety reporting — plan & prepare,2026-07-30,2026-08-27,,,20,16f1836e-598b-52bc-8d14-4814cbacee42,Anna Lindqvist,Regulatory / Quality,Not started,0
46e67c57-6470-540a-a045-044eb88ba341,3f20e58d-8fce-5807-a4eb-2524303f6701,2ee385b2-99f4-5b3a-b6f1-a4fd637f6485,THG-CLN-014,4.2-A2,Safety reporting — execute & verify,2026-08-14,2026-09-04,,,15,9b478123-7b4f-5756-a5fb-d912cbdb6589,James Whitfield,Regulatory / Quality,Not started,0
ee28fbec-66eb-5a89-8552-4ef7367c11c9,577ebac1-78c7-5ed5-8237-4f9dc637a943,2ee385b2-99f4-5b3a-b6f1-a4fd637f6485,THG-CLN-014,5.1-A1,Interim analysis — plan & prepare,2026-08-28,2026-09-25,,,20,101ef560-996f-5481-9625-a78f61ecfd02,Lena Hoffmann,R&D / Engineering,Not started,0
5615dfd1-d9a9-5422-ad65-8279e02fc20e,577ebac1-78c7-5ed5-8237-4f9dc637a943,2ee385b2-99f4-5b3a-b6f1-a4fd637f6485,THG-CLN-014,5.1-A2,Interim analysis — execute & verify,2026-09-12,2026-10-23,,,30,c3e0540a-708c-5011-a086-58ec024abd79,Aiko Tanaka,R&D / Engineering,Not started,0
1de5866d-9592-5a8a-97e2-8819863a792b,e6331f3f-c221-5beb-a478-15db34640849,2ee385b2-99f4-5b3a-b6f1-a4fd637f6485,THG-CLN-014,5.2-A1,Final study report — plan & prepare,2026-09-27,2026-10-23,,,20,c11bacc3-9c34-5864-b900-72d7a1a03837,Marcus Chen,R&D / Engineering,Not started,0
ca0688b2-ddf1-5384-8969-9768def46e1e,e6331f3f-c221-5beb-a478-15db34640849,2ee385b2-99f4-5b3a-b6f1-a4fd637f6485,THG-CLN-014,5.2-A2,Final study report — execute & verify,2026-10-12,2026-11-02,,,15,101ef560-996f-5481-9625-a78f61ecfd02,Lena Hoffmann,R&D / Engineering,Not started,0
88f20336-a67e-5f85-8cd4-55ccfbe7ab6c,77c4b8b7-3852-5ae4-8003-942be036e4eb,777ea2a7-20e0-5b0d-a53b-ba290af326fc,THG-RND-007,1.1-A1,Platform architecture — plan & prepare,2025-09-01,2025-09-15,2025-08-31,2025-09-18,10,c11bacc3-9c34-5864-b900-72d7a1a03837,Marcus Chen,R&D / Engineering,Done,100
b521d9df-7e99-52f1-81e4-c0bc87681da0,77c4b8b7-3852-5ae4-8003-942be036e4eb,777ea2a7-20e0-5b0d-a53b-ba290af326fc,THG-RND-007,1.1-A2,Platform architecture — execute & verify,2025-09-20,2025-10-31,2025-09-22,2025-11-04,30,c11bacc3-9c34-5864-b900-72d7a1a03837,Marcus Chen,R&D / Engineering,Done,100
bc004ed9-d109-50f5-813c-06d3051eb213,6de7ad87-25aa-581d-b15c-fa292363a0b4,777ea2a7-20e0-5b0d-a53b-ba290af326fc,THG-RND-007,1.2-A1,Therapy module API — plan & prepare,2025-10-10,2025-11-21,2025-10-08,2025-11-26,30,c11bacc3-9c34-5864-b900-72d7a1a03837,Marcus Chen,R&D / Engineering,Done,100
832fd8b4-bb76-5037-b47a-c4fd75bbec33,6de7ad87-25aa-581d-b15c-fa292363a0b4,777ea2a7-20e0-5b0d-a53b-ba290af326fc,THG-RND-007,1.2-A2,Therapy module API — execute & verify,2025-10-29,2025-11-26,2025-10-29,2025-11-29,20,101ef560-996f-5481-9625-a78f61ecfd02,Lena Hoffmann,R&D / Engineering,Done,100
ef740613-e7f6-5454-85cd-9497b440eaaf,ab866165-137b-5c53-9584-b42c2cd59913,777ea2a7-20e0-5b0d-a53b-ba290af326fc,THG-RND-007,2.1-A1,Scheduler rewrite — plan & prepare,2025-11-16,2025-11-28,2025-11-20,,10,101ef560-996f-5481-9625-a78f61ecfd02,Lena Hoffmann,R&D / Engineering,At risk,70
379f7656-930d-56b6-bedb-c478c10286cc,ab866165-137b-5c53-9584-b42c2cd59913,777ea2a7-20e0-5b0d-a53b-ba290af326fc,THG-RND-007,2.1-A2,Scheduler rewrite — execute & verify,2025-11-30,2025-12-19,2025-12-02,,15,101ef560-996f-5481-9625-a78f61ecfd02,Lena Hoffmann,R&D / Engineering,At risk,80
b7da967e-bc55-5faa-8b53-ebc8c352bcb6,b5707940-e968-545c-8696-8e86c003d435,777ea2a7-20e0-5b0d-a53b-ba290af326fc,THG-RND-007,2.2-A1,Driver layer — plan & prepare,2025-12-15,2026-01-05,2025-12-14,2026-01-10,15,c11bacc3-9c34-5864-b900-72d7a1a03837,Marcus Chen,R&D / Engineering,Done,100
c524a6f5-144e-5717-ba0c-57feb1eb21bf,b5707940-e968-545c-8696-8e86c003d435,777ea2a7-20e0-5b0d-a53b-ba290af326fc,THG-RND-007,2.2-A2,Driver layer — execute & verify,2025-12-29,2026-02-09,2025-12-30,2026-02-06,30,c11bacc3-9c34-5864-b900-72d7a1a03837,Marcus Chen,R&D / Engineering,Done,100
7a58f290-ed94-5403-82d5-c8c92fc8d777,250fa837-d63f-5616-9cf3-5f1dbeaa4759,777ea2a7-20e0-5b0d-a53b-ba290af326fc,THG-RND-007,2.3-A1,Telemetry stack — plan & prepare,2026-01-13,2026-02-10,2026-01-15,2026-02-08,20,c11bacc3-9c34-5864-b900-72d7a1a03837,Marcus Chen,R&D / Engineering,Done,100
597f1be0-8a25-5213-b8d2-def0895b2d5d,250fa837-d63f-5616-9cf3-5f1dbeaa4759,777ea2a7-20e0-5b0d-a53b-ba290af326fc,THG-RND-007,2.3-A2,Telemetry stack — execute & verify,2026-01-28,2026-02-11,2026-01-26,2026-02-16,10,101ef560-996f-5481-9625-a78f61ecfd02,Lena Hoffmann,R&D / Engineering,Done,100
4f3bd023-b592-5ca3-9ea1-5acfea00df90,ace6de69-601a-50d4-8cd8-2c98de86bed6,777ea2a7-20e0-5b0d-a53b-ba290af326fc,THG-RND-007,3.1-A1,Unit test harness — plan & prepare,2026-02-01,2026-03-06,2026-02-03,2026-03-12,25,101ef560-996f-5481-9625-a78f61ecfd02,Lena Hoffmann,R&D / Engineering,Done,100
966573db-7654-5747-8994-0bc900bd87d9,ace6de69-601a-50d4-8cd8-2c98de86bed6,777ea2a7-20e0-5b0d-a53b-ba290af326fc,THG-RND-007,3.1-A2,Unit test harness — execute & verify,2026-02-20,2026-03-27,2026-02-25,,25,c11bacc3-9c34-5864-b900-72d7a1a03837,Marcus Chen,R&D / Engineering,At risk,80
a9da21b0-b356-5fb5-819a-b632c73cc2dc,9be6d0c5-531d-598b-a5e2-745969fd76e9,777ea2a7-20e0-5b0d-a53b-ba290af326fc,THG-RND-007,3.2-A1,HIL test rig — plan & prepare,2026-03-12,2026-04-09,2026-03-14,,20,c3e0540a-708c-5011-a086-58ec024abd79,Aiko Tanaka,R&D / Engineering,At risk,80
957139b4-03fb-5e7e-beef-82bfd61d3ec5,9be6d0c5-531d-598b-a5e2-745969fd76e9,777ea2a7-20e0-5b0d-a53b-ba290af326fc,THG-RND-007,3.2-A2,HIL test rig — execute & verify,2026-03-31,2026-05-05,2026-03-30,2026-05-05,25,101ef560-996f-5481-9625-a78f61ecfd02,Lena Hoffmann,R&D / Engineering,Done,100
0dd21c51-a3a9-5c42-8a7f-d0aede84086e,aa42df01-44f9-523a-890d-ef156caa8447,777ea2a7-20e0-5b0d-a53b-ba290af326fc,THG-RND-007,4.1-A1,Design history file — plan & prepare,2026-04-19,2026-05-01,2026-04-21,2026-05-01,10,9b478123-7b4f-5756-a5fb-d912cbdb6589,James Whitfield,Regulatory / Quality,Done,100
6ebcd5c9-cec7-5a13-b8d4-0406c08bbf96,aa42df01-44f9-523a-890d-ef156caa8447,777ea2a7-20e0-5b0d-a53b-ba290af326fc,THG-RND-007,4.1-A2,Design history file — execute & verify,2026-05-08,2026-05-22,2026-05-06,2026-05-22,10,16f1836e-598b-52bc-8d14-4814cbacee42,Anna Lindqvist,Regulatory / Quality,Done,100
49c77e95-ce2e-5d13-ad46-afcab5fd8d00,2622d082-7b31-5966-bfbd-0e9faf107131,777ea2a7-20e0-5b0d-a53b-ba290af326fc,THG-RND-007,4.2-A1,Risk file (ISO 14971) — plan & prepare,2026-05-28,2026-06-25,2026-06-01,,20,16f1836e-598b-52bc-8d14-4814cbacee42,Anna Lindqvist,Regulatory / Quality,In progress,43
883475fb-e9aa-5fdb-911e-277275c0fff1,2622d082-7b31-5966-bfbd-0e9faf107131,777ea2a7-20e0-5b0d-a53b-ba290af326fc,THG-RND-007,4.2-A2,Risk file (ISO 14971) — execute & verify,2026-06-16,2026-07-21,,,25,16f1836e-598b-52bc-8d14-4814cbacee42,Anna Lindqvist,Regulatory / Quality,Not started,0
fa0656ed-73d7-55ad-a297-1292a60c7b53,c40c9674-5a86-50bd-857c-1c5e45a19edc,5e8efc63-4e18-5155-a82f-8e3539c74478,THG-IT-003,1.1-A1,Network & security baseline — plan & prepare,2026-04-01,2026-05-13,2026-04-02,2026-05-16,30,81f1829d-692c-51ed-aff9-8f4645a8aea0,Nadia Hassan,IT / Data / Security,Done,100
b6c26efe-0c84-51ea-a6c6-50c4bd26142b,c40c9674-5a86-50bd-857c-1c5e45a19edc,5e8efc63-4e18-5155-a82f-8e3539c74478,THG-IT-003,1.1-A2,Network & security baseline — execute & verify,2026-04-17,2026-05-08,2026-04-18,2026-05-10,15,4c3359c7-f508-523c-9f70-e111c84a62e3,Sam Delgado,IT / Data / Security,Done,100
a097dd7c-27e8-5569-8390-8b62f73df64a,614994c4-dca5-5e23-b7f1-45d51a302448,5e8efc63-4e18-5155-a82f-8e3539c74478,THG-IT-003,1.2-A1,Encryption & key mgmt — plan & prepare,2026-05-03,2026-06-05,2026-05-06,2026-06-03,25,81f1829d-692c-51ed-aff9-8f4645a8aea0,Nadia Hassan,IT / Data / Security,Done,100
28275431-3961-5d41-b082-b8f9caa8599b,614994c4-dca5-5e23-b7f1-45d51a302448,5e8efc63-4e18-5155-a82f-8e3539c74478,THG-IT-003,1.2-A2,Encryption & key mgmt — execute & verify,2026-05-20,2026-06-03,2026-05-18,2026-06-03,10,2319435a-2e81-5b0e-ba4e-33a5b1a93f08,Chloe Barnett,IT / Data / Security,Done,100
13420e29-d08d-5bda-b3fe-d883fee6c675,1bd2714d-fc33-5bb5-bcab-26c88e8abf20,5e8efc63-4e18-5155-a82f-8e3539c74478,THG-IT-003,2.1-A1,Source inventory — plan & prepare,2026-06-04,2026-07-16,2026-06-05,,30,2319435a-2e81-5b0e-ba4e-33a5b1a93f08,Chloe Barnett,IT / Data / Security,In progress,6
7c7b8fc9-a961-58f5-b03c-0b208655d2f8,1bd2714d-fc33-5bb5-bcab-26c88e8abf20,5e8efc63-4e18-5155-a82f-8e3539c74478,THG-IT-003,2.1-A2,Source inventory — execute & verify,2026-06-16,2026-07-21,,,25,4c3359c7-f508-523c-9f70-e111c84a62e3,Sam Delgado,IT / Data / Security,Not started,0
a71fda96-24b8-5102-9c19-cd73b682703e,63bcc769-6019-5a60-ac90-8a7ab96538ca,5e8efc63-4e18-5155-a82f-8e3539c74478,THG-IT-003,2.2-A1,Pipeline build — plan & prepare,2026-06-28,2026-08-07,,,30,4c3359c7-f508-523c-9f70-e111c84a62e3,Sam Delgado,IT / Data / Security,Not started,0
aa34de57-0854-5a43-8cd9-db053f98c6db,63bcc769-6019-5a60-ac90-8a7ab96538ca,5e8efc63-4e18-5155-a82f-8e3539c74478,THG-IT-003,2.2-A2,Pipeline build — execute & verify,2026-07-10,2026-07-24,,,10,81f1829d-692c-51ed-aff9-8f4645a8aea0,Nadia Hassan,IT / Data / Security,Not started,0
c778036d-2e80-590c-8a07-5b2ec60a2b9e,3a2c702d-8ec0-5ae5-b207-cc887edb06d3,5e8efc63-4e18-5155-a82f-8e3539c74478,THG-IT-003,2.3-A1,PHI validation — plan & prepare,2026-07-23,2026-08-06,,,10,4c3359c7-f508-523c-9f70-e111c84a62e3,Sam Delgado,IT / Data / Security,Not started,0
745e6d3e-5180-5c80-a966-68f6ee8a3057,3a2c702d-8ec0-5ae5-b207-cc887edb06d3,5e8efc63-4e18-5155-a82f-8e3539c74478,THG-IT-003,2.3-A2,PHI validation — execute & verify,2026-08-04,2026-08-25,,,15,2319435a-2e81-5b0e-ba4e-33a5b1a93f08,Chloe Barnett,IT / Data / Security,Not started,0
4ae960de-70b1-571e-9cfb-afbc1d6424b8,5aff32c0-7a83-5e66-9360-7dfba415d7bb,5e8efc63-4e18-5155-a82f-8e3539c74478,THG-IT-003,3.1-A1,RBAC model — plan & prepare,2026-08-07,2026-08-28,,,15,2319435a-2e81-5b0e-ba4e-33a5b1a93f08,Chloe Barnett,IT / Data / Security,Not started,0
f8da88b2-60bb-5837-9660-4f1dc3180cf6,5aff32c0-7a83-5e66-9360-7dfba415d7bb,5e8efc63-4e18-5155-a82f-8e3539c74478,THG-IT-003,3.1-A2,RBAC model — execute & verify,2026-08-23,2026-09-04,,,10,4c3359c7-f508-523c-9f70-e111c84a62e3,Sam Delgado,IT / Data / Security,Not started,0
ec421d73-a279-5d7c-a6fd-870845df8cf4,d364d51a-9a36-56d3-ad65-784dcbc7ce42,5e8efc63-4e18-5155-a82f-8e3539c74478,THG-IT-003,3.2-A1,Audit trail integration — plan & prepare,2026-09-08,2026-10-13,,,25,2319435a-2e81-5b0e-ba4e-33a5b1a93f08,Chloe Barnett,IT / Data / Security,Not started,0
ad55d1ae-aad4-5697-ad63-cead1340b845,d364d51a-9a36-56d3-ad65-784dcbc7ce42,5e8efc63-4e18-5155-a82f-8e3539c74478,THG-IT-003,3.2-A2,Audit trail integration — execute & verify,2026-09-25,2026-10-30,,,25,2319435a-2e81-5b0e-ba4e-33a5b1a93f08,Chloe Barnett,IT / Data / Security,Not started,0
6cf9c318-bbc2-573d-aa49-71cecf644066,b0c26555-37fa-56b5-9d5a-f79f668e1189,5e8efc63-4e18-5155-a82f-8e3539c74478,THG-IT-003,4.1-A1,Parallel run — plan & prepare,2026-10-11,2026-11-20,,,30,7144f78b-3f33-5800-bd7f-f894b15e01aa,Grace Mwangi,Operations / PMO,Not started,0
f6a1318f-5f3d-5788-9139-ee59dc5cc871,b0c26555-37fa-56b5-9d5a-f79f668e1189,5e8efc63-4e18-5155-a82f-8e3539c74478,THG-IT-003,4.1-A2,Parallel run — execute & verify,2026-10-27,2026-12-01,,,25,6ac3503b-a8a2-5b42-bda9-e82dc9b054d3,Isabel Fonseca,Operations / PMO,Not started,0
6ae2cb71-54a2-59ea-aa7e-0fd4b50e35c9,42428816-6341-5bf9-98dd-4f0576244800,5e8efc63-4e18-5155-a82f-8e3539c74478,THG-IT-003,4.2-A1,Analyst training — plan & prepare,2026-11-12,2026-12-03,,,15,6ac3503b-a8a2-5b42-bda9-e82dc9b054d3,Isabel Fonseca,Operations / PMO,Not started,0
b6792516-2a82-5d9a-9ad1-0cbf4d23a04e,42428816-6341-5bf9-98dd-4f0576244800,5e8efc63-4e18-5155-a82f-8e3539c74478,THG-IT-003,4.2-A2,Analyst training — execute & verify,2026-11-29,2027-01-08,,,30,7144f78b-3f33-5800-bd7f-f894b15e01aa,Grace Mwangi,Operations / PMO,Not started,0
8acfbfed-016c-5e75-a74c-e58a553486d2,0eab27ed-128b-5fae-8ed1-9b9e94fe6142,b30b6540-32d7-52cb-b101-bf086d4dc18d,THG-OPS-009,1.1-A1,Template library setup — plan & prepare,2026-02-02,2026-03-02,2026-02-03,2026-03-07,20,6ac3503b-a8a2-5b42-bda9-e82dc9b054d3,Isabel Fonseca,Operations / PMO,Done,100
836b0597-062a-59b5-8882-0e09153cbbd5,0eab27ed-128b-5fae-8ed1-9b9e94fe6142,b30b6540-32d7-52cb-b101-bf086d4dc18d,THG-OPS-009,1.1-A2,Template library setup — execute & verify,2026-02-15,2026-03-27,2026-02-17,2026-03-25,30,6ac3503b-a8a2-5b42-bda9-e82dc9b054d3,Isabel Fonseca,Operations / PMO,Done,100
12a78db3-0b03-5dec-9428-86ee2d96ba47,e77ce923-5bcd-5351-8c8c-9fa8bf8b6543,b30b6540-32d7-52cb-b101-bf086d4dc18d,THG-OPS-009,1.2-A1,Intake workflow — plan & prepare,2026-02-28,2026-04-10,2026-02-27,2026-04-13,30,6ac3503b-a8a2-5b42-bda9-e82dc9b054d3,Isabel Fonseca,Operations / PMO,Done,100
cefeac77-e9ff-5cb8-ba85-0ea07032f5e7,e77ce923-5bcd-5351-8c8c-9fa8bf8b6543,b30b6540-32d7-52cb-b101-bf086d4dc18d,THG-OPS-009,1.2-A2,Intake workflow — execute & verify,2026-03-13,2026-03-27,2026-03-15,2026-03-24,10,7144f78b-3f33-5800-bd7f-f894b15e01aa,Grace Mwangi,Operations / PMO,Done,100
f6f513b6-18b0-546f-98d2-e3ab830b820b,02c8b8a2-1cb8-553e-a17a-2618486eb4f4,b30b6540-32d7-52cb-b101-bf086d4dc18d,THG-OPS-009,2.1-A1,Pilot departments — plan & prepare,2026-03-25,2026-04-29,2026-03-27,2026-05-01,25,7144f78b-3f33-5800-bd7f-f894b15e01aa,Grace Mwangi,Operations / PMO,Done,100
feddb6d1-4c51-55d0-87a3-8793d02f319f,02c8b8a2-1cb8-553e-a17a-2618486eb4f4,b30b6540-32d7-52cb-b101-bf086d4dc18d,THG-OPS-009,2.1-A2,Pilot departments — execute & verify,2026-04-07,2026-05-05,2026-04-07,2026-05-05,20,6ac3503b-a8a2-5b42-bda9-e82dc9b054d3,Isabel Fonseca,Operations / PMO,Done,100
33a9363c-407d-5ed8-aa2c-47e219cf4fbb,5273ebf2-53c3-52fe-9878-5419573dd5e1,b30b6540-32d7-52cb-b101-bf086d4dc18d,THG-OPS-009,2.2-A1,Remaining departments — plan & prepare,2026-04-20,2026-05-11,2026-04-21,2026-05-13,15,7144f78b-3f33-5800-bd7f-f894b15e01aa,Grace Mwangi,Operations / PMO,Done,100
9cfe1b0c-1ed6-5397-8a5f-95db847ec7c1,5273ebf2-53c3-52fe-9878-5419573dd5e1,b30b6540-32d7-52cb-b101-bf086d4dc18d,THG-OPS-009,2.2-A2,Remaining departments — execute & verify,2026-05-03,2026-05-15,2026-05-05,2026-05-13,10,6ac3503b-a8a2-5b42-bda9-e82dc9b054d3,Isabel Fonseca,Operations / PMO,Done,100
e0ee6a9b-72d5-54db-a410-c3fa555371ed,2181c304-b601-5cb6-9650-a4ec7022f99a,b30b6540-32d7-52cb-b101-bf086d4dc18d,THG-OPS-009,3.1-A1,Curriculum build — plan & prepare,2026-05-15,2026-06-05,2026-05-15,2026-06-03,15,3ba00d40-ac21-5ba0-9559-5464dc42221b,Peter Novak,HR / People,Done,100
d112b65e-0443-57b5-83ee-97a9ce48da1a,2181c304-b601-5cb6-9650-a4ec7022f99a,b30b6540-32d7-52cb-b101-bf086d4dc18d,THG-OPS-009,3.1-A2,Curriculum build — execute & verify,2026-05-28,2026-06-18,2026-05-31,,15,3ba00d40-ac21-5ba0-9559-5464dc42221b,Peter Novak,HR / People,In progress,65
f8a0ca61-e3d9-5a8a-b866-1cb4328c4490,b69245db-7e4d-5dd0-896e-2e6952c4481c,b30b6540-32d7-52cb-b101-bf086d4dc18d,THG-OPS-009,3.2-A1,Attestation rollout — plan & prepare,2026-06-10,2026-07-22,2026-06-11,,30,6b27ac85-f4ce-50b9-9a0d-f55d986466a6,Ruth Adler,HR / People,In progress,5
c8c7c80a-6f16-5dc7-b0fd-d21b69b28d7f,b69245db-7e4d-5dd0-896e-2e6952c4481c,b30b6540-32d7-52cb-b101-bf086d4dc18d,THG-OPS-009,3.2-A2,Attestation rollout — execute & verify,2026-06-23,2026-07-07,,,10,6b27ac85-f4ce-50b9-9a0d-f55d986466a6,Ruth Adler,HR / People,Not started,0
9670e92d-1904-5505-bd0f-c9780a6272b2,31a22908-f249-5876-8418-234f50c89a65,b30b6540-32d7-52cb-b101-bf086d4dc18d,THG-OPS-009,4.1-A1,Usage audits — plan & prepare,2026-07-05,2026-07-17,,,10,9b478123-7b4f-5756-a5fb-d912cbdb6589,James Whitfield,Regulatory / Quality,Not started,0
79a55fd9-8d8e-571e-9d5f-0ea0d0d6023f,31a22908-f249-5876-8418-234f50c89a65,b30b6540-32d7-52cb-b101-bf086d4dc18d,THG-OPS-009,4.1-A2,Usage audits — execute & verify,2026-07-18,2026-08-28,,,30,16f1836e-598b-52bc-8d14-4814cbacee42,Anna Lindqvist,Regulatory / Quality,Not started,0
e1f087eb-1d93-56ea-9fe3-2e0a84eac73c,ebf1e676-0c35-51c9-bc21-8b05020b4a8d,b30b6540-32d7-52cb-b101-bf086d4dc18d,THG-OPS-009,4.2-A1,Compliance evidence — plan & prepare,2026-07-31,2026-09-11,,,30,16f1836e-598b-52bc-8d14-4814cbacee42,Anna Lindqvist,Regulatory / Quality,Not started,0
5f05fa5b-d7bf-5e4b-9342-9b14484c2978,ebf1e676-0c35-51c9-bc21-8b05020b4a8d,b30b6540-32d7-52cb-b101-bf086d4dc18d,THG-OPS-009,4.2-A2,Compliance evidence — execute & verify,2026-08-13,2026-09-10,,,20,16f1836e-598b-52bc-8d14-4814cbacee42,Anna Lindqvist,Regulatory / Quality,Not started,0
e457231e-aa1b-51c1-9c6e-06ecb28b6a40,899c2c7d-c70c-58bd-81f5-46c2e53dc1af,c95418d9-fdc3-5832-bd7f-dc24031e37e3,THG-REG-005,1.1-A1,Internal audit — plan & prepare,2025-07-07,2025-08-11,2025-07-07,,25,6a0700d0-18fe-5f73-95b1-02d3edc6b753,Priya Nair,Regulatory / Quality,At risk,60
9736fb4b-1baa-5fe1-9456-6d30b8f2aae9,899c2c7d-c70c-58bd-81f5-46c2e53dc1af,c95418d9-fdc3-5832-bd7f-dc24031e37e3,THG-REG-005,1.1-A2,Internal audit — execute & verify,2025-07-26,2025-08-29,2025-07-26,2025-08-28,25,6a0700d0-18fe-5f73-95b1-02d3edc6b753,Priya Nair,Regulatory / Quality,Done,100
70a6b656-15f8-537d-b7b7-40c45ce72693,6e7cbdce-7c03-53b8-9c61-17feb3c79b27,c95418d9-fdc3-5832-bd7f-dc24031e37e3,THG-REG-005,1.2-A1,Gap remediation plan — plan & prepare,2025-08-14,2025-09-18,2025-08-16,2025-09-15,25,9b478123-7b4f-5756-a5fb-d912cbdb6589,James Whitfield,Regulatory / Quality,Done,100
a368f7ed-2303-5ab0-b157-1669a359b88f,6e7cbdce-7c03-53b8-9c61-17feb3c79b27,c95418d9-fdc3-5832-bd7f-dc24031e37e3,THG-REG-005,1.2-A2,Gap remediation plan — execute & verify,2025-09-03,2025-09-17,2025-09-04,,10,16f1836e-598b-52bc-8d14-4814cbacee42,Anna Lindqvist,Regulatory / Quality,At risk,80
37d1e1aa-acc5-512c-8c6e-59aa7e7519cd,0323073d-5b98-5dfb-8e52-34291918f061,c95418d9-fdc3-5832-bd7f-dc24031e37e3,THG-REG-005,2.1-A1,Document control fixes — plan & prepare,2025-09-21,2025-10-17,2025-09-22,2025-10-16,20,9b478123-7b4f-5756-a5fb-d912cbdb6589,James Whitfield,Regulatory / Quality,Done,100
73dac13f-cd01-54a3-ae59-72254d943127,0323073d-5b98-5dfb-8e52-34291918f061,c95418d9-fdc3-5832-bd7f-dc24031e37e3,THG-REG-005,2.1-A2,Document control fixes — execute & verify,2025-10-10,2025-10-24,2025-10-08,2025-10-26,10,6a0700d0-18fe-5f73-95b1-02d3edc6b753,Priya Nair,Regulatory / Quality,Done,100
63c9bcee-4371-54e8-8fba-3de9bc213723,20def72f-429d-5ed3-91c5-696f21235e7e,c95418d9-fdc3-5832-bd7f-dc24031e37e3,THG-REG-005,2.2-A1,Training records cleanup — plan & prepare,2025-10-29,2025-11-19,2025-10-31,2025-11-22,15,9b478123-7b4f-5756-a5fb-d912cbdb6589,James Whitfield,Regulatory / Quality,Done,100
9606d5d4-ed57-5834-b607-a944b5f4aeff,20def72f-429d-5ed3-91c5-696f21235e7e,c95418d9-fdc3-5832-bd7f-dc24031e37e3,THG-REG-005,2.2-A2,Training records cleanup — execute & verify,2025-11-18,2025-12-30,2025-11-17,2025-12-29,30,9b478123-7b4f-5756-a5fb-d912cbdb6589,James Whitfield,Regulatory / Quality,Done,100
10f337c4-d590-5c98-88aa-cb732e4628b0,cdbdad63-2fc6-556c-a52c-4e2fc58293df,c95418d9-fdc3-5832-bd7f-dc24031e37e3,THG-REG-005,3.1-A1,Stage 1 audit — plan & prepare,2025-12-06,2025-12-19,2025-12-06,2025-12-22,10,16f1836e-598b-52bc-8d14-4814cbacee42,Anna Lindqvist,Regulatory / Quality,Done,100
20956c6d-6e65-59cf-8b93-e7350d3eee32,cdbdad63-2fc6-556c-a52c-4e2fc58293df,c95418d9-fdc3-5832-bd7f-dc24031e37e3,THG-REG-005,3.1-A2,Stage 1 audit — execute & verify,2025-12-25,2026-01-15,2025-12-28,2026-01-13,15,6a0700d0-18fe-5f73-95b1-02d3edc6b753,Priya Nair,Regulatory / Quality,Done,100
b1ffa3c7-fe6a-5724-b254-bf67c5bd4385,86bb4b21-df09-5000-b15c-8aa514a32314,c95418d9-fdc3-5832-bd7f-dc24031e37e3,THG-REG-005,3.2-A1,Stage 2 audit — plan & prepare,2026-01-13,2026-02-17,2026-01-14,2026-02-19,25,16f1836e-598b-52bc-8d14-4814cbacee42,Anna Lindqvist,Regulatory / Quality,Done,100
806889e6-af6d-5876-a20f-d92202d56638,86bb4b21-df09-5000-b15c-8aa514a32314,c95418d9-fdc3-5832-bd7f-dc24031e37e3,THG-REG-005,3.2-A2,Stage 2 audit — execute & verify,2026-02-02,2026-03-02,2026-02-05,2026-03-02,20,16f1836e-598b-52bc-8d14-4814cbacee42,Anna Lindqvist,Regulatory / Quality,Done,100
e9c9ff4c-0629-5b4d-a39d-cfea28b37187,d9189784-3ce8-5076-a97f-3c7ca7237e2b,c95418d9-fdc3-5832-bd7f-dc24031e37e3,THG-REG-005,4.1-A1,Findings closure — plan & prepare,2026-02-20,2026-03-20,2026-02-22,,20,6ac3503b-a8a2-5b42-bda9-e82dc9b054d3,Isabel Fonseca,Operations / PMO,At risk,70
9f96e7eb-5dd5-53e8-9654-99f9b12174e2,d9189784-3ce8-5076-a97f-3c7ca7237e2b,c95418d9-fdc3-5832-bd7f-dc24031e37e3,THG-REG-005,4.1-A2,Findings closure — execute & verify,2026-03-11,2026-04-22,2026-03-13,2026-04-24,30,11037be3-710e-5a2e-a7f0-fadee2eb6fdc,Tom Becker,Operations / PMO,Done,100
5d6565ce-19f2-5bbd-831a-af3e54df7dd0,ed3ad0cc-58e7-5717-a741-4676ece87644,c95418d9-fdc3-5832-bd7f-dc24031e37e3,THG-REG-005,4.2-A1,Lessons learned — plan & prepare,2026-03-30,2026-04-27,2026-03-30,2026-04-24,20,6ac3503b-a8a2-5b42-bda9-e82dc9b054d3,Isabel Fonseca,Operations / PMO,Done,100
14a1e77e-ad9d-59e2-8e51-c21efcb946c2,ed3ad0cc-58e7-5717-a741-4676ece87644,c95418d9-fdc3-5832-bd7f-dc24031e37e3,THG-REG-005,4.2-A2,Lessons learned — execute & verify,2026-04-19,2026-05-01,2026-04-22,2026-05-03,10,7144f78b-3f33-5800-bd7f-f894b15e01aa,Grace Mwangi,Operations / PMO,Done,100
75ce94c9-c163-5d76-805c-635518f543aa,6ec78cd2-c5e8-5c90-a91f-7e789538ab5c,c9fb69ea-3e4b-53c4-8707-6697185b54c3,THG-COM-002,1.1-A1,Country prioritization — plan & prepare,2026-08-03,2026-09-14,,,30,81720f99-4190-5ee3-96bf-d21c44635ea1,Lucas Romero,Commercial / Marketing,Not started,0
437c3109-863c-5e1d-92b8-659ff235b975,6ec78cd2-c5e8-5c90-a91f-7e789538ab5c,c9fb69ea-3e4b-53c4-8707-6697185b54c3,THG-COM-002,1.1-A2,Country prioritization — execute & verify,2026-08-24,2026-09-28,,,25,81720f99-4190-5ee3-96bf-d21c44635ea1,Lucas Romero,Commercial / Marketing,Not started,0
f18d85aa-e6ec-501b-8b54-0039ac4b65be,2025eddb-a45f-5082-a68c-e227c05ec434,c9fb69ea-3e4b-53c4-8707-6697185b54c3,THG-COM-002,1.2-A1,Pricing study — plan & prepare,2026-09-15,2026-10-20,,,25,81720f99-4190-5ee3-96bf-d21c44635ea1,Lucas Romero,Commercial / Marketing,Not started,0
e403805d-a1fd-5b00-bad4-ac934dbe2909,2025eddb-a45f-5082-a68c-e227c05ec434,c9fb69ea-3e4b-53c4-8707-6697185b54c3,THG-COM-002,1.2-A2,Pricing study — execute & verify,2026-10-06,2026-11-17,,,30,81720f99-4190-5ee3-96bf-d21c44635ea1,Lucas Romero,Commercial / Marketing,Not started,0
45337090-1468-5c39-a64d-0f7fa84af103,82936c27-4f08-52b9-b59a-f71cb55d4d9d,c9fb69ea-3e4b-53c4-8707-6697185b54c3,THG-COM-002,2.1-A1,CE marking assessment — plan & prepare,2026-10-26,2026-11-09,,,10,9b478123-7b4f-5756-a5fb-d912cbdb6589,James Whitfield,Regulatory / Quality,Not started,0
b9fea2f0-ed30-5163-b6d7-b5769d31c2a2,82936c27-4f08-52b9-b59a-f71cb55d4d9d,c9fb69ea-3e4b-53c4-8707-6697185b54c3,THG-COM-002,2.1-A2,CE marking assessment — execute & verify,2026-11-16,2026-12-14,,,20,9b478123-7b4f-5756-a5fb-d912cbdb6589,James Whitfield,Regulatory / Quality,Not started,0
a91209c2-dcdf-5e44-a00c-c6c241a9cac4,471bb08a-800b-5399-84fe-6c5fd1b0518a,c9fb69ea-3e4b-53c4-8707-6697185b54c3,THG-COM-002,2.2-A1,Distributor licensing — plan & prepare,2026-12-08,2026-12-22,,,10,9b478123-7b4f-5756-a5fb-d912cbdb6589,James Whitfield,Regulatory / Quality,Not started,0
65626626-2b0e-58c2-a023-e8f1d0ee4f2b,471bb08a-800b-5399-84fe-6c5fd1b0518a,c9fb69ea-3e4b-53c4-8707-6697185b54c3,THG-COM-002,2.2-A2,Distributor licensing — execute & verify,2026-12-29,2027-01-26,,,20,9b478123-7b4f-5756-a5fb-d912cbdb6589,James Whitfield,Regulatory / Quality,Not started,0
bcfddc6f-6f8d-5887-a1af-f16de39c668e,cb948bec-c4a7-5690-b870-bfb3dac882a7,c9fb69ea-3e4b-53c4-8707-6697185b54c3,THG-COM-002,3.1-A1,Channel partnerships — plan & prepare,2027-01-18,2027-02-22,,,25,55aad255-0b8f-5ad1-96f2-0727c92643e9,Olivia Marsh,Commercial / Marketing,Not started,0
a8cd415d-edae-55dc-89d1-fc5729a99edf,cb948bec-c4a7-5690-b870-bfb3dac882a7,c9fb69ea-3e4b-53c4-8707-6697185b54c3,THG-COM-002,3.1-A2,Channel partnerships — execute & verify,2027-02-08,2027-03-15,,,25,55aad255-0b8f-5ad1-96f2-0727c92643e9,Olivia Marsh,Commercial / Marketing,Not started,0
6b2b10fc-fd16-5f8b-a962-f3051f7f5722,ecad4445-4540-59e9-8db4-18be0f5c087a,c9fb69ea-3e4b-53c4-8707-6697185b54c3,THG-COM-002,3.2-A1,Launch collateral — plan & prepare,2027-03-02,2027-03-23,,,15,55aad255-0b8f-5ad1-96f2-0727c92643e9,Olivia Marsh,Commercial / Marketing,Not started,0
4183860f-ea6e-5b06-a86c-291b973b8f48,ecad4445-4540-59e9-8db4-18be0f5c087a,c9fb69ea-3e4b-53c4-8707-6697185b54c3,THG-COM-002,3.2-A2,Launch collateral — execute & verify,2027-03-23,2027-04-27,,,25,81720f99-4190-5ee3-96bf-d21c44635ea1,Lucas Romero,Commercial / Marketing,Not started,0
